               epoch,      train/box_loss,      train/obj_loss,      train/cls_loss,   metrics/precision,      metrics/recall,     metrics/mAP_0.5,metrics/mAP_0.5:0.95,        val/box_loss,        val/obj_loss,        val/cls_loss,               x/lr0,               x/lr1,               x/lr2
                   0,            0.035355,            0.059661,                   0,              0.9136,             0.86444,             0.94175,             0.65208,            0.030088,            0.058334,                   0,           0.0033297,           0.0033297,            0.070033
                   1,            0.034351,            0.054535,                   0,             0.91137,             0.88082,             0.94667,             0.63906,              0.0327,            0.060759,                   0,            0.006641,            0.006641,            0.040011
                   2,            0.038987,            0.055866,                   0,             0.90966,             0.85262,             0.93143,             0.60857,            0.035657,            0.060283,                   0,           0.0099304,           0.0099304,            0.009967
                   3,            0.038664,            0.055228,                   0,             0.93084,             0.86203,             0.95055,             0.64113,            0.032337,            0.062308,                   0,            0.009901,            0.009901,            0.009901
                   4,             0.03629,            0.053479,                   0,              0.9081,             0.89214,             0.95252,             0.66201,            0.031183,            0.057957,                   0,            0.009901,            0.009901,            0.009901
                   5,            0.035154,            0.052525,                   0,             0.91846,             0.89194,             0.95735,             0.66154,             0.03141,            0.058935,                   0,            0.009868,            0.009868,            0.009868
                   6,            0.034245,              0.0514,                   0,             0.91055,             0.90196,             0.95721,             0.67493,            0.029838,             0.05547,                   0,            0.009835,            0.009835,            0.009835
                   7,            0.033906,            0.050374,                   0,             0.92482,             0.88566,              0.9554,              0.6584,            0.030587,            0.056116,                   0,            0.009802,            0.009802,            0.009802
                   8,            0.033187,            0.050283,                   0,             0.90748,             0.91146,             0.96025,              0.6784,            0.028923,            0.055041,                   0,            0.009769,            0.009769,            0.009769
                   9,            0.032555,            0.049757,                   0,             0.91576,              0.8992,             0.95901,             0.67558,            0.029394,            0.055417,                   0,            0.009736,            0.009736,            0.009736
                  10,            0.032437,            0.050297,                   0,             0.93212,             0.88782,             0.95943,             0.68058,            0.029366,            0.055288,                   0,            0.009703,            0.009703,            0.009703
                  11,            0.031806,            0.049367,                   0,             0.93521,             0.88566,             0.96122,             0.68702,            0.028704,            0.053665,                   0,             0.00967,             0.00967,             0.00967
                  12,            0.031332,            0.048258,                   0,              0.9164,             0.90393,             0.96036,             0.68759,            0.028173,            0.054503,                   0,            0.009637,            0.009637,            0.009637
                  13,            0.031154,            0.048817,                   0,             0.91064,             0.90884,             0.96239,              0.6928,            0.028571,             0.05425,                   0,            0.009604,            0.009604,            0.009604
                  14,            0.031248,            0.048951,                   0,              0.9149,             0.89977,             0.95786,             0.68754,            0.028115,            0.054393,                   0,            0.009571,            0.009571,            0.009571
                  15,            0.030535,            0.048177,                   0,             0.91225,             0.90688,             0.96264,             0.68869,            0.028458,            0.054026,                   0,            0.009538,            0.009538,            0.009538
                  16,            0.030217,            0.047059,                   0,             0.92888,             0.89764,             0.96397,             0.69513,            0.027596,            0.053224,                   0,            0.009505,            0.009505,            0.009505
                  17,            0.030347,            0.047626,                   0,             0.92716,             0.89587,             0.96334,             0.70221,            0.027216,            0.052275,                   0,            0.009472,            0.009472,            0.009472
                  18,            0.029933,            0.047837,                   0,              0.9258,             0.90334,             0.96539,             0.70357,            0.026995,            0.052418,                   0,            0.009439,            0.009439,            0.009439
                  19,            0.029716,            0.047864,                   0,             0.92454,             0.89411,             0.95729,             0.68556,            0.028435,             0.05517,                   0,            0.009406,            0.009406,            0.009406
                  20,            0.029949,            0.047897,                   0,             0.92755,             0.89961,             0.96514,             0.70377,            0.026931,             0.05178,                   0,            0.009373,            0.009373,            0.009373
                  21,             0.02943,             0.04693,                   0,              0.9177,             0.90825,             0.96654,             0.70701,            0.026691,             0.05206,                   0,             0.00934,             0.00934,             0.00934
                  22,            0.029359,            0.047763,                   0,             0.93951,             0.89103,             0.96709,             0.70933,            0.026515,            0.051607,                   0,            0.009307,            0.009307,            0.009307
                  23,            0.029458,            0.046875,                   0,             0.91983,             0.91572,             0.96555,             0.70463,            0.026864,            0.052433,                   0,            0.009274,            0.009274,            0.009274
                  24,            0.029241,            0.047185,                   0,             0.93292,             0.90334,             0.96742,             0.71113,            0.026825,            0.051257,                   0,            0.009241,            0.009241,            0.009241
                  25,            0.028831,            0.045651,                   0,             0.92895,             0.90933,             0.96767,             0.71176,            0.026473,            0.051662,                   0,            0.009208,            0.009208,            0.009208
                  26,            0.028837,            0.046832,                   0,             0.92918,             0.89957,             0.96587,             0.71241,            0.026397,            0.051804,                   0,            0.009175,            0.009175,            0.009175
                  27,            0.028535,             0.04644,                   0,             0.90897,             0.92206,              0.9671,             0.71238,            0.026487,            0.052851,                   0,            0.009142,            0.009142,            0.009142
                  28,             0.02852,            0.046523,                   0,             0.91837,             0.91277,             0.96808,             0.71237,            0.026315,            0.052071,                   0,            0.009109,            0.009109,            0.009109
                  29,            0.028414,            0.045799,                   0,             0.93141,             0.90167,             0.96684,             0.71681,            0.026201,            0.050838,                   0,            0.009076,            0.009076,            0.009076
                  30,            0.028466,            0.046184,                   0,             0.92182,             0.90963,              0.9667,             0.71409,            0.026302,            0.051554,                   0,            0.009043,            0.009043,            0.009043
                  31,            0.028292,              0.0458,                   0,             0.92367,             0.90814,             0.96779,             0.71522,            0.026214,            0.051452,                   0,             0.00901,             0.00901,             0.00901
                  32,            0.028127,            0.045792,                   0,             0.93154,             0.90623,             0.96817,             0.71741,            0.025999,            0.051307,                   0,            0.008977,            0.008977,            0.008977
                  33,            0.027903,            0.045586,                   0,             0.93086,             0.90722,             0.97074,             0.72249,            0.026033,            0.050761,                   0,            0.008944,            0.008944,            0.008944
                  34,            0.027937,            0.045473,                   0,              0.9199,              0.9093,             0.96746,             0.71753,            0.026008,            0.051493,                   0,            0.008911,            0.008911,            0.008911
                  35,             0.02786,            0.046107,                   0,             0.92318,             0.91611,             0.96955,             0.71816,            0.025924,            0.051251,                   0,            0.008878,            0.008878,            0.008878
                  36,            0.027735,            0.045405,                   0,             0.93365,              0.9057,             0.96823,             0.72156,            0.025828,            0.050773,                   0,            0.008845,            0.008845,            0.008845
                  37,             0.02779,            0.045431,                   0,             0.93659,              0.9025,              0.9687,             0.72102,            0.025739,            0.050299,                   0,            0.008812,            0.008812,            0.008812
                  38,            0.027643,            0.044883,                   0,             0.92354,             0.91709,             0.96996,             0.72085,              0.0259,            0.051327,                   0,            0.008779,            0.008779,            0.008779
                  39,            0.027541,            0.044965,                   0,             0.92947,             0.90766,             0.96925,             0.72177,            0.025784,            0.050928,                   0,            0.008746,            0.008746,            0.008746
                  40,            0.027266,             0.04504,                   0,             0.92308,             0.91532,             0.96987,             0.72197,            0.025637,            0.050621,                   0,            0.008713,            0.008713,            0.008713
                  41,            0.027352,            0.044697,                   0,             0.92125,              0.9216,             0.96992,             0.72346,            0.025621,            0.050886,                   0,             0.00868,             0.00868,             0.00868
                  42,            0.027429,            0.044488,                   0,             0.93068,              0.9127,             0.96928,             0.72521,            0.025546,            0.050169,                   0,            0.008647,            0.008647,            0.008647
                  43,            0.026974,            0.044346,                   0,             0.92826,             0.91257,             0.96991,             0.72641,            0.025608,            0.050218,                   0,            0.008614,            0.008614,            0.008614
                  44,            0.027347,             0.04571,                   0,             0.93141,             0.90707,              0.9703,              0.7264,            0.025531,            0.050507,                   0,            0.008581,            0.008581,            0.008581
                  45,            0.027254,            0.045412,                   0,             0.91973,             0.92004,             0.97052,             0.72672,            0.025433,            0.050128,                   0,            0.008548,            0.008548,            0.008548
                  46,            0.027105,            0.044734,                   0,             0.92371,              0.9169,             0.97123,             0.72575,            0.025501,            0.050477,                   0,            0.008515,            0.008515,            0.008515
                  47,            0.027027,            0.044386,                   0,             0.92386,               0.911,             0.97012,              0.7296,            0.025237,             0.04974,                   0,            0.008482,            0.008482,            0.008482
                  48,            0.026752,            0.044439,                   0,             0.92023,              0.9167,             0.96969,             0.72568,            0.025472,            0.050022,                   0,            0.008449,            0.008449,            0.008449
                  49,            0.027174,            0.044903,                   0,             0.93499,             0.90157,             0.96956,             0.72904,            0.025297,            0.049992,                   0,            0.008416,            0.008416,            0.008416
                  50,            0.026977,            0.045085,                   0,              0.9244,             0.91316,             0.97023,             0.72342,            0.025471,            0.050727,                   0,            0.008383,            0.008383,            0.008383
                  51,            0.027011,            0.045248,                   0,             0.92918,             0.90884,             0.97153,             0.72808,            0.025386,            0.050364,                   0,             0.00835,             0.00835,             0.00835
                  52,            0.027064,            0.044918,                   0,             0.92479,             0.91827,             0.97056,             0.73048,            0.025223,            0.049993,                   0,            0.008317,            0.008317,            0.008317
                  53,             0.02682,            0.044631,                   0,             0.92184,             0.91552,             0.96842,             0.72862,            0.025275,            0.049754,                   0,            0.008284,            0.008284,            0.008284
                  54,            0.026651,            0.044092,                   0,             0.92344,             0.91236,             0.96813,             0.72873,            0.025225,            0.049909,                   0,            0.008251,            0.008251,            0.008251
                  55,              0.0268,            0.044871,                   0,             0.93664,             0.90157,             0.97038,             0.73076,            0.025196,            0.049633,                   0,            0.008218,            0.008218,            0.008218
                  56,            0.026821,            0.044411,                   0,              0.9324,             0.91336,             0.97255,             0.73249,            0.025074,            0.049212,                   0,            0.008185,            0.008185,            0.008185
                  57,            0.026577,            0.044167,                   0,             0.92539,              0.9165,             0.97058,             0.72958,            0.025098,            0.049988,                   0,            0.008152,            0.008152,            0.008152
                  58,            0.026675,            0.043924,                   0,             0.92832,             0.91729,              0.9722,              0.7318,            0.025195,            0.049482,                   0,            0.008119,            0.008119,            0.008119
                  59,            0.026692,            0.044234,                   0,             0.93953,             0.90661,             0.97239,             0.73063,            0.025176,            0.050047,                   0,            0.008086,            0.008086,            0.008086
                  60,            0.026599,            0.044839,                   0,             0.93236,             0.91265,             0.97161,             0.73589,            0.025005,              0.0492,                   0,            0.008053,            0.008053,            0.008053
                  61,            0.026509,            0.044355,                   0,             0.93138,             0.91061,             0.97009,              0.7258,            0.025452,            0.050348,                   0,             0.00802,             0.00802,             0.00802
                  62,            0.026358,            0.043906,                   0,             0.93093,             0.91089,             0.97175,             0.73102,            0.025236,            0.050238,                   0,            0.007987,            0.007987,            0.007987
                  63,            0.026552,            0.043932,                   0,             0.93867,             0.90805,             0.97228,             0.73293,            0.024975,            0.049531,                   0,            0.007954,            0.007954,            0.007954
                  64,            0.026322,            0.043656,                   0,             0.92763,             0.91611,             0.97096,             0.73181,            0.025108,            0.049756,                   0,            0.007921,            0.007921,            0.007921
                  65,            0.026317,            0.043448,                   0,             0.92734,             0.91523,             0.97195,             0.73225,            0.025078,            0.049823,                   0,            0.007888,            0.007888,            0.007888
                  66,            0.026354,            0.043373,                   0,             0.93396,             0.91407,             0.97202,             0.73387,            0.025057,            0.049405,                   0,            0.007855,            0.007855,            0.007855
                  67,            0.026216,            0.043084,                   0,             0.92173,             0.92549,             0.97294,             0.73394,            0.024977,            0.049628,                   0,            0.007822,            0.007822,            0.007822
                  68,            0.026212,            0.043844,                   0,             0.93789,             0.91083,             0.97438,             0.73899,            0.024725,            0.048716,                   0,            0.007789,            0.007789,            0.007789
                  69,            0.026339,             0.04385,                   0,             0.93026,             0.91532,             0.97288,             0.73725,            0.024715,            0.048874,                   0,            0.007756,            0.007756,            0.007756
                  70,            0.026294,            0.044439,                   0,             0.92729,             0.92004,             0.97388,             0.73423,            0.024928,            0.049281,                   0,            0.007723,            0.007723,            0.007723
                  71,            0.026271,            0.044326,                   0,             0.92986,             0.91425,             0.97226,             0.73889,            0.024752,            0.049041,                   0,             0.00769,             0.00769,             0.00769
                  72,            0.026136,            0.043502,                   0,             0.93514,             0.91572,             0.97265,             0.73714,            0.024797,            0.049106,                   0,            0.007657,            0.007657,            0.007657
                  73,             0.02615,            0.043805,                   0,             0.93383,             0.91493,             0.97438,             0.73778,            0.024721,            0.049001,                   0,            0.007624,            0.007624,            0.007624
                  74,            0.026402,            0.044282,                   0,             0.93042,             0.91906,             0.97261,             0.73864,             0.02467,            0.049221,                   0,            0.007591,            0.007591,            0.007591
                  75,            0.026146,            0.043502,                   0,             0.92488,              0.9192,             0.97282,             0.73755,            0.024682,             0.04918,                   0,            0.007558,            0.007558,            0.007558
                  76,            0.025956,             0.04377,                   0,             0.93651,              0.9157,             0.97367,             0.74107,            0.024687,            0.048734,                   0,            0.007525,            0.007525,            0.007525
                  77,            0.025884,            0.043736,                   0,             0.93487,             0.91139,             0.97221,             0.73689,             0.02467,            0.049108,                   0,            0.007492,            0.007492,            0.007492
                  78,            0.026067,            0.043743,                   0,             0.94484,             0.90188,             0.97224,             0.73884,             0.02469,            0.048741,                   0,            0.007459,            0.007459,            0.007459
                  79,             0.02607,            0.044194,                   0,             0.93223,             0.91077,              0.9725,             0.73618,            0.024822,             0.04943,                   0,            0.007426,            0.007426,            0.007426
                  80,            0.025862,            0.043221,                   0,             0.92973,             0.91762,             0.97354,             0.74059,             0.02463,            0.048789,                   0,            0.007393,            0.007393,            0.007393
                  81,              0.0255,            0.042875,                   0,             0.93162,             0.91806,              0.9744,             0.74313,            0.024502,            0.048556,                   0,             0.00736,             0.00736,             0.00736
                  82,            0.026347,             0.04398,                   0,             0.93172,             0.91414,             0.97242,              0.7392,            0.024589,            0.048917,                   0,            0.007327,            0.007327,            0.007327
                  83,            0.025785,            0.043319,                   0,             0.94073,             0.90747,             0.97256,             0.74151,            0.024514,            0.048748,                   0,            0.007294,            0.007294,            0.007294
                  84,            0.025707,            0.043244,                   0,             0.91686,             0.92944,             0.97224,              0.7386,            0.024575,             0.04915,                   0,            0.007261,            0.007261,            0.007261
                  85,            0.026089,            0.043091,                   0,             0.93574,             0.91434,              0.9736,             0.74268,            0.024514,             0.04851,                   0,            0.007228,            0.007228,            0.007228
                  86,            0.025854,            0.043252,                   0,             0.93451,             0.91493,              0.9732,              0.7421,            0.024534,            0.048565,                   0,            0.007195,            0.007195,            0.007195
                  87,            0.025879,            0.043825,                   0,             0.92366,             0.92227,             0.97225,             0.74105,            0.024541,            0.048923,                   0,            0.007162,            0.007162,            0.007162
                  88,            0.025618,            0.042895,                   0,             0.93817,             0.90914,             0.97216,             0.74111,            0.024477,            0.048725,                   0,            0.007129,            0.007129,            0.007129
                  89,            0.025777,            0.043284,                   0,             0.93277,             0.91855,             0.97363,             0.74288,            0.024411,            0.048688,                   0,            0.007096,            0.007096,            0.007096
                  90,            0.025615,            0.043094,                   0,             0.92413,             0.92607,             0.97255,             0.73859,            0.024555,            0.048889,                   0,            0.007063,            0.007063,            0.007063
                  91,            0.025895,            0.043433,                   0,             0.92798,             0.92141,             0.97273,             0.74167,             0.02452,            0.048705,                   0,             0.00703,             0.00703,             0.00703
                  92,             0.02581,            0.042957,                   0,             0.92954,             0.91906,             0.97284,             0.74026,            0.024479,            0.048808,                   0,            0.006997,            0.006997,            0.006997
                  93,            0.025334,            0.042688,                   0,             0.92916,             0.92024,             0.97256,             0.74274,            0.024428,            0.048647,                   0,            0.006964,            0.006964,            0.006964
                  94,            0.025826,            0.042986,                   0,             0.92718,             0.91945,              0.9724,             0.74276,            0.024419,            0.048692,                   0,            0.006931,            0.006931,            0.006931
                  95,            0.025809,            0.042887,                   0,             0.92749,             0.91983,             0.97296,             0.74267,            0.024452,            0.048626,                   0,            0.006898,            0.006898,            0.006898
                  96,            0.025666,            0.043378,                   0,             0.93085,             0.91709,             0.97269,             0.74178,            0.024433,            0.048554,                   0,            0.006865,            0.006865,            0.006865
                  97,            0.025668,            0.043327,                   0,             0.92721,             0.92096,             0.97128,             0.74184,            0.024372,            0.048341,                   0,            0.006832,            0.006832,            0.006832
                  98,            0.026003,            0.043485,                   0,             0.93287,             0.91736,              0.9728,             0.74147,             0.02439,            0.048431,                   0,            0.006799,            0.006799,            0.006799
                  99,            0.025625,            0.042444,                   0,             0.93559,              0.9112,             0.97341,             0.74265,            0.024386,             0.04842,                   0,            0.006766,            0.006766,            0.006766
                 100,             0.02563,            0.042921,                   0,              0.9295,              0.9195,             0.97346,             0.74338,            0.024381,            0.048685,                   0,            0.006733,            0.006733,            0.006733
                 101,            0.025693,            0.042966,                   0,             0.91233,              0.9334,             0.97242,             0.74389,            0.024289,            0.048622,                   0,              0.0067,              0.0067,              0.0067
                 102,            0.025351,            0.043474,                   0,             0.93942,             0.90963,             0.97339,             0.74406,            0.024317,            0.048453,                   0,            0.006667,            0.006667,            0.006667
                 103,            0.025356,            0.042763,                   0,             0.93565,             0.91277,             0.97378,             0.74511,             0.02427,            0.048497,                   0,            0.006634,            0.006634,            0.006634
                 104,            0.025711,            0.043551,                   0,               0.931,             0.91749,             0.97359,              0.7439,            0.024252,            0.048372,                   0,            0.006601,            0.006601,            0.006601
                 105,            0.025372,            0.042732,                   0,             0.93694,             0.91552,              0.9748,             0.74507,             0.02422,            0.048267,                   0,            0.006568,            0.006568,            0.006568
                 106,             0.02556,            0.043082,                   0,             0.93836,             0.91214,             0.97428,             0.74653,            0.024168,            0.048291,                   0,            0.006535,            0.006535,            0.006535
                 107,            0.025484,            0.042774,                   0,             0.93005,             0.91965,               0.974,             0.74632,            0.024161,            0.048256,                   0,            0.006502,            0.006502,            0.006502
                 108,            0.025364,            0.042186,                   0,             0.93178,              0.9165,             0.97464,             0.74714,            0.024203,            0.048172,                   0,            0.006469,            0.006469,            0.006469
                 109,             0.02537,            0.042543,                   0,             0.93484,             0.91336,              0.9741,             0.74535,            0.024294,            0.048391,                   0,            0.006436,            0.006436,            0.006436
                 110,            0.025568,            0.043258,                   0,               0.935,             0.92024,             0.97491,             0.74473,            0.024259,            0.048243,                   0,            0.006403,            0.006403,            0.006403
                 111,            0.025273,            0.042352,                   0,             0.93653,               0.916,             0.97445,             0.74709,            0.024264,            0.048376,                   0,             0.00637,             0.00637,             0.00637
                 112,            0.025322,            0.042831,                   0,              0.9366,             0.91552,             0.97391,              0.7465,            0.024262,            0.048451,                   0,            0.006337,            0.006337,            0.006337
                 113,            0.025524,             0.04234,                   0,              0.9317,             0.91931,             0.97477,             0.74729,            0.024161,            0.048101,                   0,            0.006304,            0.006304,            0.006304
                 114,            0.025396,            0.042441,                   0,             0.93598,             0.91628,             0.97427,             0.74771,            0.024148,            0.048275,                   0,            0.006271,            0.006271,            0.006271
                 115,            0.025352,            0.042686,                   0,              0.9347,             0.91669,             0.97374,             0.74863,            0.024135,            0.048168,                   0,            0.006238,            0.006238,            0.006238
                 116,             0.02533,            0.043055,                   0,             0.92937,             0.92122,             0.97423,               0.748,            0.024131,            0.048152,                   0,            0.006205,            0.006205,            0.006205
                 117,            0.025184,            0.042346,                   0,             0.93261,             0.91749,             0.97412,             0.74754,            0.024109,            0.048325,                   0,            0.006172,            0.006172,            0.006172
                 118,            0.025161,             0.04163,                   0,             0.94073,             0.91052,             0.97352,             0.74837,            0.024118,            0.048256,                   0,            0.006139,            0.006139,            0.006139
                 119,            0.025294,            0.042115,                   0,             0.93665,             0.91506,             0.97394,             0.74775,            0.024206,            0.048325,                   0,            0.006106,            0.006106,            0.006106
                 120,            0.025354,            0.042172,                   0,             0.94462,             0.91155,              0.9743,             0.74728,            0.024133,            0.048275,                   0,            0.006073,            0.006073,            0.006073
                 121,            0.024922,            0.041563,                   0,             0.93776,             0.91493,             0.97474,             0.74869,            0.024081,            0.047975,                   0,             0.00604,             0.00604,             0.00604
                 122,            0.025087,            0.041869,                   0,             0.92607,             0.92338,             0.97341,             0.74772,            0.024124,            0.048345,                   0,            0.006007,            0.006007,            0.006007
                 123,            0.025174,            0.041771,                   0,             0.92436,              0.9267,              0.9733,             0.74804,            0.024113,            0.048203,                   0,            0.005974,            0.005974,            0.005974
                 124,            0.025099,            0.042035,                   0,             0.93097,             0.91939,             0.97447,             0.75016,            0.024092,            0.048033,                   0,            0.005941,            0.005941,            0.005941
                 125,            0.025173,            0.042373,                   0,             0.93489,             0.91398,             0.97411,             0.74921,            0.024134,            0.048211,                   0,            0.005908,            0.005908,            0.005908
                 126,            0.025021,            0.042775,                   0,             0.94241,             0.90667,             0.97461,              0.7493,            0.024115,            0.048173,                   0,            0.005875,            0.005875,            0.005875
                 127,            0.024907,            0.041591,                   0,             0.93494,             0.91336,             0.97429,             0.75033,            0.024053,            0.048104,                   0,            0.005842,            0.005842,            0.005842
                 128,             0.02504,            0.041893,                   0,             0.94012,             0.90997,             0.97435,              0.7497,            0.024072,            0.048201,                   0,            0.005809,            0.005809,            0.005809
                 129,             0.02502,            0.042365,                   0,             0.92961,             0.91945,             0.97465,             0.75245,             0.02402,            0.047945,                   0,            0.005776,            0.005776,            0.005776
                 130,            0.024993,            0.041356,                   0,             0.93834,             0.90923,             0.97416,             0.75039,            0.024039,            0.048165,                   0,            0.005743,            0.005743,            0.005743
                 131,            0.024985,            0.042405,                   0,             0.93224,             0.91625,              0.9748,              0.7506,            0.024052,            0.047991,                   0,             0.00571,             0.00571,             0.00571
                 132,             0.02492,            0.041607,                   0,             0.93237,             0.91818,             0.97428,             0.75173,            0.023997,             0.04788,                   0,            0.005677,            0.005677,            0.005677
                 133,            0.025186,            0.042796,                   0,             0.93468,              0.9169,             0.97436,              0.7515,            0.023985,            0.047955,                   0,            0.005644,            0.005644,            0.005644
                 134,            0.024767,            0.042462,                   0,             0.93433,             0.91415,             0.97439,             0.75004,            0.024032,            0.048067,                   0,            0.005611,            0.005611,            0.005611
                 135,            0.024813,             0.04198,                   0,               0.928,             0.92179,             0.97394,              0.7502,            0.024035,            0.048028,                   0,            0.005578,            0.005578,            0.005578
                 136,             0.02505,             0.04197,                   0,             0.93383,             0.91776,             0.97518,             0.75263,            0.024001,            0.048089,                   0,            0.005545,            0.005545,            0.005545
                 137,            0.024902,            0.041639,                   0,             0.93609,             0.91798,             0.97516,             0.75198,            0.023994,            0.047953,                   0,            0.005512,            0.005512,            0.005512
                 138,             0.02487,            0.041756,                   0,              0.9369,             0.91729,             0.97495,             0.75213,            0.023992,            0.048077,                   0,            0.005479,            0.005479,            0.005479
                 139,             0.02496,            0.041819,                   0,             0.93111,             0.92143,             0.97468,             0.75119,             0.02402,            0.048014,                   0,            0.005446,            0.005446,            0.005446
                 140,            0.024919,            0.042003,                   0,             0.93107,             0.92079,             0.97383,             0.75033,            0.024006,            0.047849,                   0,            0.005413,            0.005413,            0.005413
                 141,            0.024974,            0.042514,                   0,             0.93504,             0.91866,             0.97492,              0.7515,            0.023971,             0.04784,                   0,             0.00538,             0.00538,             0.00538
                 142,            0.024702,            0.041555,                   0,             0.93387,             0.91839,             0.97523,             0.75204,            0.023948,            0.047852,                   0,            0.005347,            0.005347,            0.005347
                 143,             0.02477,            0.041926,                   0,              0.9338,             0.91709,             0.97511,             0.75197,            0.023937,            0.047853,                   0,            0.005314,            0.005314,            0.005314
                 144,            0.024815,            0.041767,                   0,             0.92738,             0.92377,             0.97398,             0.75242,            0.023912,            0.047906,                   0,            0.005281,            0.005281,            0.005281
                 145,            0.024756,            0.041464,                   0,             0.92814,             0.92112,             0.97378,             0.75308,            0.023883,            0.047796,                   0,            0.005248,            0.005248,            0.005248
                 146,            0.024903,            0.041464,                   0,              0.9295,             0.92122,             0.97369,             0.75345,            0.023869,            0.047618,                   0,            0.005215,            0.005215,            0.005215
                 147,            0.024813,            0.041591,                   0,             0.93423,              0.9165,             0.97464,             0.75296,            0.023853,            0.047671,                   0,            0.005182,            0.005182,            0.005182
                 148,            0.024782,            0.041174,                   0,              0.9322,             0.91841,             0.97492,             0.75342,            0.023831,            0.047708,                   0,            0.005149,            0.005149,            0.005149
                 149,            0.024571,            0.041273,                   0,              0.9365,             0.91375,             0.97445,             0.75346,            0.023855,            0.047627,                   0,            0.005116,            0.005116,            0.005116
                 150,            0.024603,            0.041384,                   0,             0.93885,             0.91139,             0.97522,             0.75345,            0.023887,            0.047812,                   0,            0.005083,            0.005083,            0.005083
                 151,            0.024743,            0.041702,                   0,             0.93738,             0.91375,             0.97419,             0.75167,              0.0239,            0.047834,                   0,             0.00505,             0.00505,             0.00505
                 152,            0.024704,            0.041683,                   0,             0.93657,              0.9167,             0.97467,             0.75286,            0.023895,            0.047803,                   0,            0.005017,            0.005017,            0.005017
                 153,            0.024674,            0.041649,                   0,             0.93935,             0.91336,             0.97526,             0.75353,            0.023887,            0.047726,                   0,            0.004984,            0.004984,            0.004984
                 154,            0.024746,            0.041922,                   0,             0.93555,             0.91788,             0.97513,             0.75359,            0.023901,            0.047796,                   0,            0.004951,            0.004951,            0.004951
                 155,            0.024675,            0.041978,                   0,              0.9324,             0.91863,             0.97538,             0.75387,            0.023882,             0.04767,                   0,            0.004918,            0.004918,            0.004918
                 156,            0.024779,            0.041335,                   0,             0.94136,             0.91081,             0.97526,             0.75402,            0.023906,            0.047914,                   0,            0.004885,            0.004885,            0.004885
                 157,            0.024469,            0.041161,                   0,             0.93989,             0.91277,             0.97544,              0.7532,            0.023869,            0.047823,                   0,            0.004852,            0.004852,            0.004852
                 158,            0.024594,            0.041551,                   0,             0.93865,             0.91473,             0.97569,              0.7537,            0.023847,            0.047806,                   0,            0.004819,            0.004819,            0.004819
                 159,            0.024573,            0.041166,                   0,             0.93881,             0.91375,             0.97471,             0.75361,            0.023888,            0.047821,                   0,            0.004786,            0.004786,            0.004786
                 160,             0.02447,            0.041474,                   0,             0.95064,             0.90255,             0.97477,             0.75378,            0.023885,            0.047799,                   0,            0.004753,            0.004753,            0.004753
                 161,            0.024634,            0.042015,                   0,              0.9369,             0.91603,             0.97462,              0.7527,            0.023866,            0.047818,                   0,             0.00472,             0.00472,             0.00472
                 162,            0.024576,            0.041023,                   0,             0.93926,              0.9144,             0.97487,             0.75341,            0.023827,            0.047766,                   0,            0.004687,            0.004687,            0.004687
                 163,            0.024606,            0.042193,                   0,             0.94362,             0.90923,             0.97477,             0.75415,            0.023806,            0.047673,                   0,            0.004654,            0.004654,            0.004654
                 164,             0.02458,             0.04126,                   0,              0.9412,             0.91205,             0.97517,             0.75416,            0.023817,            0.047661,                   0,            0.004621,            0.004621,            0.004621
                 165,            0.024628,             0.04146,                   0,             0.93396,              0.9196,             0.97473,             0.75456,            0.023792,            0.047678,                   0,            0.004588,            0.004588,            0.004588
                 166,            0.024647,            0.041831,                   0,             0.93803,             0.91591,              0.9748,              0.7547,            0.023774,            0.047598,                   0,            0.004555,            0.004555,            0.004555
                 167,            0.024521,            0.041505,                   0,             0.94062,             0.91356,             0.97546,             0.75429,            0.023765,            0.047577,                   0,            0.004522,            0.004522,            0.004522
                 168,            0.024352,            0.040542,                   0,             0.93915,              0.9157,             0.97521,             0.75412,            0.023781,            0.047654,                   0,            0.004489,            0.004489,            0.004489
                 169,            0.024507,            0.041154,                   0,             0.93849,             0.91428,             0.97517,             0.75477,            0.023777,            0.047685,                   0,            0.004456,            0.004456,            0.004456
                 170,            0.024552,            0.040894,                   0,             0.93756,             0.91448,             0.97497,             0.75503,            0.023778,            0.047643,                   0,            0.004423,            0.004423,            0.004423
                 171,            0.024417,            0.041424,                   0,             0.93284,             0.91866,             0.97438,             0.75461,            0.023802,            0.047637,                   0,             0.00439,             0.00439,             0.00439
                 172,            0.024586,            0.041312,                   0,             0.93375,             0.91807,              0.9753,             0.75424,            0.023801,            0.047669,                   0,            0.004357,            0.004357,            0.004357
                 173,             0.02454,            0.040688,                   0,             0.93581,             0.91807,              0.9756,             0.75534,            0.023778,            0.047653,                   0,            0.004324,            0.004324,            0.004324
                 174,            0.024532,            0.041257,                   0,             0.92876,             0.92358,             0.97541,              0.7561,            0.023754,            0.047679,                   0,            0.004291,            0.004291,            0.004291
                 175,            0.024539,            0.041192,                   0,             0.93503,             0.91709,             0.97572,             0.75645,            0.023746,            0.047671,                   0,            0.004258,            0.004258,            0.004258
                 176,            0.024083,            0.040641,                   0,             0.93588,             0.91631,             0.97551,             0.75665,            0.023747,            0.047703,                   0,            0.004225,            0.004225,            0.004225
                 177,            0.024354,            0.041496,                   0,             0.93386,             0.91611,             0.97527,              0.7566,            0.023723,            0.047648,                   0,            0.004192,            0.004192,            0.004192
                 178,            0.024489,            0.041115,                   0,              0.9282,             0.92195,             0.97554,             0.75567,            0.023728,            0.047613,                   0,            0.004159,            0.004159,            0.004159
                 179,            0.024255,            0.040941,                   0,             0.93365,             0.91784,             0.97595,              0.7557,            0.023717,            0.047575,                   0,            0.004126,            0.004126,            0.004126
                 180,            0.024245,            0.041099,                   0,             0.93194,             0.92001,             0.97612,             0.75648,            0.023722,            0.047603,                   0,            0.004093,            0.004093,            0.004093
                 181,            0.024127,            0.040848,                   0,             0.92984,              0.9222,             0.97614,             0.75599,            0.023728,            0.047685,                   0,             0.00406,             0.00406,             0.00406
                 182,             0.02418,            0.041378,                   0,             0.93438,             0.91768,             0.97551,             0.75624,            0.023738,             0.04776,                   0,            0.004027,            0.004027,            0.004027
                 183,            0.024534,            0.041306,                   0,             0.93443,             0.91832,             0.97537,             0.75606,            0.023746,            0.047782,                   0,            0.003994,            0.003994,            0.003994
                 184,            0.024165,            0.040193,                   0,             0.93238,             0.92161,             0.97547,              0.7568,            0.023732,            0.047784,                   0,            0.003961,            0.003961,            0.003961
                 185,            0.024377,            0.041032,                   0,              0.9278,             0.92495,             0.97515,             0.75641,            0.023721,            0.047795,                   0,            0.003928,            0.003928,            0.003928
                 186,            0.024444,            0.040932,                   0,             0.92922,             0.92333,             0.97501,             0.75659,            0.023713,            0.047762,                   0,            0.003895,            0.003895,            0.003895
                 187,            0.024254,            0.041024,                   0,             0.93437,             0.91847,             0.97537,             0.75682,            0.023699,             0.04769,                   0,            0.003862,            0.003862,            0.003862
                 188,            0.024259,            0.040881,                   0,             0.93389,             0.91863,             0.97529,             0.75723,            0.023692,            0.047642,                   0,            0.003829,            0.003829,            0.003829
                 189,            0.024408,            0.041324,                   0,             0.93263,             0.91965,             0.97505,             0.75755,            0.023692,             0.04762,                   0,            0.003796,            0.003796,            0.003796
                 190,            0.024269,            0.041028,                   0,             0.93229,             0.91976,             0.97515,             0.75705,            0.023693,            0.047603,                   0,            0.003763,            0.003763,            0.003763
                 191,            0.024202,            0.040607,                   0,             0.92686,             0.92456,             0.97524,             0.75696,            0.023688,            0.047586,                   0,             0.00373,             0.00373,             0.00373
                 192,            0.024342,            0.041067,                   0,             0.92877,              0.9224,             0.97543,             0.75758,            0.023688,            0.047587,                   0,            0.003697,            0.003697,            0.003697
                 193,            0.024091,            0.040626,                   0,             0.93675,             0.91434,             0.97534,             0.75698,            0.023673,            0.047549,                   0,            0.003664,            0.003664,            0.003664
                 194,            0.024277,            0.041138,                   0,             0.93065,             0.92004,             0.97521,             0.75763,            0.023673,            0.047526,                   0,            0.003631,            0.003631,            0.003631
                 195,            0.024041,            0.040791,                   0,             0.92649,             0.92365,             0.97529,             0.75821,            0.023677,            0.047548,                   0,            0.003598,            0.003598,            0.003598
                 196,            0.024325,            0.041232,                   0,             0.93464,             0.91587,             0.97515,              0.7573,            0.023682,            0.047544,                   0,            0.003565,            0.003565,            0.003565
                 197,            0.024254,            0.041238,                   0,             0.93409,             0.91709,             0.97532,             0.75736,            0.023675,            0.047556,                   0,            0.003532,            0.003532,            0.003532
                 198,            0.024171,            0.040344,                   0,             0.93521,             0.91604,             0.97574,             0.75767,            0.023669,            0.047537,                   0,            0.003499,            0.003499,            0.003499
                 199,            0.024118,            0.040371,                   0,             0.93268,             0.92002,             0.97564,             0.75804,            0.023663,            0.047554,                   0,            0.003466,            0.003466,            0.003466
                 200,             0.02419,            0.040265,                   0,             0.92867,             0.92332,             0.97501,             0.75834,            0.023667,            0.047528,                   0,            0.003433,            0.003433,            0.003433
                 201,            0.024169,            0.040731,                   0,             0.92919,             0.92296,             0.97481,             0.75823,            0.023666,            0.047499,                   0,              0.0034,              0.0034,              0.0034
                 202,            0.024052,            0.040437,                   0,             0.92042,             0.93222,             0.97548,             0.75832,            0.023668,            0.047519,                   0,            0.003367,            0.003367,            0.003367
                 203,            0.024148,            0.040505,                   0,              0.9291,             0.92427,             0.97499,             0.75837,            0.023669,            0.047548,                   0,            0.003334,            0.003334,            0.003334
                 204,            0.024096,            0.040196,                   0,             0.92766,             0.92652,              0.9751,             0.75823,            0.023677,            0.047589,                   0,            0.003301,            0.003301,            0.003301
                 205,            0.024116,            0.041378,                   0,             0.92781,             0.92574,               0.975,             0.75797,            0.023688,            0.047612,                   0,            0.003268,            0.003268,            0.003268
                 206,            0.023918,            0.040729,                   0,             0.92501,             0.92888,             0.97505,             0.75815,            0.023677,            0.047586,                   0,            0.003235,            0.003235,            0.003235
                 207,            0.024019,            0.040449,                   0,             0.92397,             0.92967,             0.97509,             0.75816,            0.023672,            0.047611,                   0,            0.003202,            0.003202,            0.003202
                 208,            0.023921,            0.041169,                   0,              0.9313,             0.92279,              0.9751,               0.758,            0.023671,            0.047611,                   0,            0.003169,            0.003169,            0.003169
                 209,            0.023834,            0.040419,                   0,             0.92753,             0.92711,             0.97492,             0.75753,            0.023668,            0.047618,                   0,            0.003136,            0.003136,            0.003136
                 210,            0.023922,            0.040793,                   0,              0.9282,             0.92652,             0.97511,             0.75767,            0.023668,            0.047578,                   0,            0.003103,            0.003103,            0.003103
                 211,              0.0241,            0.040919,                   0,             0.93193,             0.92254,             0.97509,             0.75723,            0.023662,            0.047545,                   0,             0.00307,             0.00307,             0.00307
                 212,            0.024051,            0.039955,                   0,             0.93463,             0.92063,             0.97544,             0.75776,            0.023656,            0.047528,                   0,            0.003037,            0.003037,            0.003037
                 213,            0.023904,            0.039697,                   0,             0.93353,             0.92161,               0.975,             0.75785,             0.02366,            0.047533,                   0,            0.003004,            0.003004,            0.003004
                 214,            0.023955,            0.040641,                   0,             0.93522,             0.91896,             0.97458,             0.75805,            0.023654,            0.047534,                   0,            0.002971,            0.002971,            0.002971
                 215,            0.023843,            0.040187,                   0,             0.93606,             0.91807,             0.97482,             0.75817,            0.023654,            0.047548,                   0,            0.002938,            0.002938,            0.002938
                 216,            0.023882,            0.040222,                   0,             0.93633,             0.91729,             0.97483,             0.75819,            0.023655,            0.047527,                   0,            0.002905,            0.002905,            0.002905
                 217,            0.023898,            0.040404,                   0,             0.93689,              0.9165,             0.97515,             0.75865,            0.023653,            0.047527,                   0,            0.002872,            0.002872,            0.002872
                 218,            0.023856,            0.039861,                   0,              0.9349,             0.91866,             0.97502,             0.75808,            0.023655,            0.047528,                   0,            0.002839,            0.002839,            0.002839
                 219,            0.023885,            0.040449,                   0,             0.93465,             0.91878,             0.97511,             0.75837,            0.023648,            0.047537,                   0,            0.002806,            0.002806,            0.002806
                 220,            0.023877,            0.040778,                   0,             0.93526,              0.9196,             0.97536,             0.75891,            0.023639,            0.047471,                   0,            0.002773,            0.002773,            0.002773
                 221,            0.023739,            0.040032,                   0,             0.93473,             0.92001,             0.97496,             0.75868,            0.023639,            0.047459,                   0,             0.00274,             0.00274,             0.00274
                 222,            0.023914,            0.040298,                   0,             0.93313,             0.92102,             0.97492,             0.75844,            0.023635,            0.047465,                   0,            0.002707,            0.002707,            0.002707
                 223,            0.023962,            0.039981,                   0,             0.93451,             0.91959,             0.97505,             0.75875,            0.023632,            0.047484,                   0,            0.002674,            0.002674,            0.002674
                 224,            0.023664,            0.039946,                   0,             0.93439,             0.91965,             0.97495,             0.75869,            0.023628,            0.047496,                   0,            0.002641,            0.002641,            0.002641
                 225,            0.023754,             0.04013,                   0,             0.93438,             0.91965,             0.97495,             0.75894,            0.023623,            0.047483,                   0,            0.002608,            0.002608,            0.002608
                 226,            0.023644,            0.039983,                   0,             0.93502,             0.91881,             0.97487,             0.75898,            0.023614,            0.047468,                   0,            0.002575,            0.002575,            0.002575
                 227,            0.023799,            0.040681,                   0,             0.93495,             0.91847,             0.97476,             0.75909,            0.023616,            0.047489,                   0,            0.002542,            0.002542,            0.002542
                 228,            0.023845,            0.040101,                   0,             0.93506,             0.91942,             0.97497,             0.75892,            0.023612,            0.047474,                   0,            0.002509,            0.002509,            0.002509
                 229,            0.023576,            0.040047,                   0,             0.93747,             0.91611,             0.97496,             0.75885,            0.023616,            0.047484,                   0,            0.002476,            0.002476,            0.002476
                 230,             0.02381,            0.039976,                   0,             0.93833,              0.9147,             0.97489,             0.75873,            0.023616,            0.047511,                   0,            0.002443,            0.002443,            0.002443
                 231,            0.023898,            0.040694,                   0,             0.93614,             0.91729,              0.9747,             0.75887,            0.023611,            0.047469,                   0,             0.00241,             0.00241,             0.00241
                 232,            0.023721,            0.039646,                   0,             0.93978,             0.91371,             0.97458,             0.75985,            0.023609,            0.047492,                   0,            0.002377,            0.002377,            0.002377
                 233,            0.023832,            0.040323,                   0,             0.93854,             0.91513,             0.97452,             0.75903,            0.023605,            0.047466,                   0,            0.002344,            0.002344,            0.002344
                 234,            0.023752,             0.03942,                   0,             0.93533,             0.91779,             0.97444,              0.7589,            0.023603,            0.047475,                   0,            0.002311,            0.002311,            0.002311
                 235,            0.023796,            0.040177,                   0,             0.93955,             0.91434,             0.97465,             0.75928,            0.023596,            0.047442,                   0,            0.002278,            0.002278,            0.002278
                 236,            0.023821,            0.040232,                   0,             0.93856,             0.91536,             0.97457,             0.75921,            0.023595,            0.047437,                   0,            0.002245,            0.002245,            0.002245
                 237,            0.023655,            0.039472,                   0,             0.93946,             0.91462,             0.97472,             0.75934,            0.023599,            0.047479,                   0,            0.002212,            0.002212,            0.002212
                 238,            0.023534,            0.039653,                   0,             0.93933,             0.91493,             0.97477,             0.75909,            0.023598,            0.047485,                   0,            0.002179,            0.002179,            0.002179
                 239,            0.023755,            0.040197,                   0,             0.93838,             0.91552,             0.97496,             0.75908,            0.023598,            0.047496,                   0,            0.002146,            0.002146,            0.002146
                 240,            0.023624,            0.039745,                   0,             0.93964,             0.91448,             0.97497,             0.75921,            0.023599,             0.04748,                   0,            0.002113,            0.002113,            0.002113
                 241,            0.023616,            0.040019,                   0,             0.93877,             0.91552,             0.97473,             0.75901,            0.023597,            0.047512,                   0,             0.00208,             0.00208,             0.00208
                 242,            0.023482,            0.040195,                   0,             0.93895,              0.9155,             0.97456,             0.75905,            0.023596,            0.047509,                   0,            0.002047,            0.002047,            0.002047
                 243,            0.023702,            0.039243,                   0,             0.94286,               0.911,             0.97495,             0.75918,            0.023594,            0.047541,                   0,            0.002014,            0.002014,            0.002014
                 244,            0.023687,            0.039889,                   0,             0.94241,             0.91139,             0.97512,             0.75931,            0.023595,            0.047531,                   0,            0.001981,            0.001981,            0.001981
                 245,            0.023721,             0.03988,                   0,             0.94175,             0.91218,             0.97519,             0.75917,            0.023593,            0.047523,                   0,            0.001948,            0.001948,            0.001948
                 246,            0.023524,             0.03951,                   0,             0.94176,             0.91179,             0.97488,             0.75908,            0.023596,            0.047574,                   0,            0.001915,            0.001915,            0.001915
                 247,            0.023756,            0.039796,                   0,             0.93675,             0.91631,             0.97512,              0.7595,            0.023597,            0.047562,                   0,            0.001882,            0.001882,            0.001882
                 248,            0.023672,             0.03974,                   0,             0.94101,             0.91257,             0.97513,             0.75925,            0.023601,            0.047587,                   0,            0.001849,            0.001849,            0.001849
                 249,            0.023475,            0.039656,                   0,             0.94139,             0.91198,             0.97519,             0.75898,            0.023604,            0.047588,                   0,            0.001816,            0.001816,            0.001816
                 250,            0.023469,            0.039662,                   0,             0.93913,             0.91415,             0.97528,             0.75915,            0.023602,            0.047566,                   0,            0.001783,            0.001783,            0.001783
                 251,            0.023575,            0.039221,                   0,             0.94137,             0.91169,             0.97513,             0.75892,            0.023603,            0.047571,                   0,             0.00175,             0.00175,             0.00175
                 252,            0.023481,             0.03998,                   0,             0.93856,             0.91454,               0.975,             0.75913,            0.023604,            0.047547,                   0,            0.001717,            0.001717,            0.001717
                 253,            0.023506,            0.039738,                   0,              0.9428,             0.90999,             0.97525,             0.75958,              0.0236,            0.047541,                   0,            0.001684,            0.001684,            0.001684
                 254,            0.023642,            0.039672,                   0,             0.93687,             0.91552,              0.9752,             0.75943,            0.023598,            0.047522,                   0,            0.001651,            0.001651,            0.001651
                 255,            0.023274,            0.039115,                   0,             0.93992,             0.91287,             0.97518,              0.7593,            0.023595,            0.047509,                   0,            0.001618,            0.001618,            0.001618
                 256,             0.02355,            0.039748,                   0,             0.93959,             0.91368,              0.9752,             0.75916,            0.023594,             0.04752,                   0,            0.001585,            0.001585,            0.001585
                 257,            0.023499,            0.039432,                   0,             0.94042,             0.91238,             0.97509,             0.75932,            0.023596,            0.047523,                   0,            0.001552,            0.001552,            0.001552
                 258,            0.023311,            0.039779,                   0,             0.93832,             0.91415,             0.97499,             0.75915,            0.023593,            0.047492,                   0,            0.001519,            0.001519,            0.001519
                 259,            0.023435,             0.03981,                   0,              0.9387,             0.91375,             0.97498,             0.75948,            0.023592,            0.047488,                   0,            0.001486,            0.001486,            0.001486
                 260,            0.023421,             0.03981,                   0,             0.93851,             0.91451,             0.97497,             0.75962,            0.023591,            0.047488,                   0,            0.001453,            0.001453,            0.001453
                 261,            0.023425,            0.039705,                   0,             0.93829,              0.9141,             0.97462,             0.75974,            0.023592,            0.047493,                   0,             0.00142,             0.00142,             0.00142
                 262,            0.023493,            0.039879,                   0,             0.93926,             0.91449,             0.97505,             0.75987,            0.023593,            0.047474,                   0,            0.001387,            0.001387,            0.001387
                 263,            0.023477,            0.039413,                   0,             0.94019,              0.9141,             0.97512,             0.75971,            0.023594,            0.047468,                   0,            0.001354,            0.001354,            0.001354
                 264,            0.023335,            0.039777,                   0,             0.93693,             0.91709,             0.97516,             0.75982,            0.023595,            0.047459,                   0,            0.001321,            0.001321,            0.001321
                 265,             0.02342,             0.04028,                   0,             0.93695,             0.91768,             0.97522,              0.7596,            0.023597,            0.047456,                   0,            0.001288,            0.001288,            0.001288
                 266,            0.023358,            0.039542,                   0,             0.93694,             0.91729,             0.97485,             0.75945,              0.0236,            0.047479,                   0,            0.001255,            0.001255,            0.001255
                 267,            0.023189,            0.039367,                   0,             0.93732,             0.91729,             0.97513,              0.7595,            0.023601,            0.047458,                   0,            0.001222,            0.001222,            0.001222
                 268,            0.023268,            0.039219,                   0,             0.93754,             0.91729,             0.97514,             0.75923,            0.023604,            0.047479,                   0,            0.001189,            0.001189,            0.001189
                 269,            0.023325,            0.039409,                   0,             0.93348,             0.92082,             0.97517,              0.7592,            0.023607,             0.04748,                   0,            0.001156,            0.001156,            0.001156
                 270,            0.023412,            0.039579,                   0,              0.9346,             0.91984,             0.97487,             0.75939,            0.023608,            0.047497,                   0,            0.001123,            0.001123,            0.001123
                 271,             0.02328,            0.039112,                   0,             0.93469,             0.91942,             0.97478,             0.75939,            0.023611,            0.047501,                   0,             0.00109,             0.00109,             0.00109
                 272,            0.023183,            0.038898,                   0,              0.9357,             0.91788,             0.97485,             0.75927,            0.023611,              0.0475,                   0,            0.001057,            0.001057,            0.001057
                 273,            0.023359,            0.039389,                   0,             0.93982,             0.91424,             0.97473,             0.75925,            0.023611,            0.047497,                   0,            0.001024,            0.001024,            0.001024
                 274,            0.023356,            0.039491,                   0,             0.93642,             0.91749,             0.97486,             0.75915,            0.023616,            0.047509,                   0,            0.000991,            0.000991,            0.000991
                 275,            0.023453,            0.039854,                   0,             0.93908,             0.91464,             0.97469,             0.75907,            0.023618,            0.047531,                   0,            0.000958,            0.000958,            0.000958
                 276,            0.023187,            0.038967,                   0,             0.93861,             0.91552,             0.97479,             0.75949,            0.023616,            0.047535,                   0,            0.000925,            0.000925,            0.000925
                 277,            0.023491,            0.039631,                   0,             0.93608,             0.91788,             0.97475,              0.7591,            0.023616,            0.047513,                   0,            0.000892,            0.000892,            0.000892
                 278,            0.023267,            0.039116,                   0,             0.93673,             0.91768,             0.97471,             0.75882,            0.023619,            0.047535,                   0,            0.000859,            0.000859,            0.000859
                 279,            0.023274,            0.039052,                   0,              0.9352,             0.91906,             0.97486,               0.759,            0.023617,            0.047536,                   0,            0.000826,            0.000826,            0.000826
                 280,            0.023293,            0.038977,                   0,             0.93573,             0.91827,             0.97439,             0.75899,             0.02362,            0.047514,                   0,            0.000793,            0.000793,            0.000793
                 281,            0.023409,            0.039416,                   0,             0.93519,             0.91906,             0.97478,             0.75896,             0.02362,            0.047548,                   0,             0.00076,             0.00076,             0.00076
                 282,            0.023287,            0.039728,                   0,             0.93663,             0.91765,             0.97517,             0.75861,            0.023623,             0.04758,                   0,            0.000727,            0.000727,            0.000727
                 283,             0.02324,             0.03893,                   0,             0.93681,             0.91746,             0.97493,             0.75849,            0.023623,            0.047552,                   0,            0.000694,            0.000694,            0.000694
                 284,            0.023073,            0.038446,                   0,             0.93669,             0.91768,             0.97474,             0.75829,            0.023624,            0.047571,                   0,            0.000661,            0.000661,            0.000661
                 285,            0.022934,            0.038275,                   0,             0.93678,             0.91749,             0.97496,               0.758,            0.023625,            0.047587,                   0,            0.000628,            0.000628,            0.000628
                 286,            0.023155,            0.038738,                   0,              0.9364,             0.91788,             0.97474,             0.75816,            0.023626,            0.047604,                   0,            0.000595,            0.000595,            0.000595
                 287,            0.023261,            0.038969,                   0,             0.93856,             0.91536,             0.97469,             0.75792,             0.02363,            0.047615,                   0,            0.000562,            0.000562,            0.000562
                 288,            0.023166,            0.039253,                   0,             0.93781,             0.91572,             0.97485,             0.75791,            0.023634,             0.04766,                   0,            0.000529,            0.000529,            0.000529
                 289,            0.023143,            0.038625,                   0,             0.93766,             0.91631,             0.97509,             0.75775,            0.023638,            0.047683,                   0,            0.000496,            0.000496,            0.000496
                 290,             0.02329,            0.039284,                   0,             0.93711,              0.9165,             0.97514,             0.75759,             0.02364,            0.047708,                   0,            0.000463,            0.000463,            0.000463
                 291,            0.023053,            0.038713,                   0,             0.93798,              0.9151,             0.97508,             0.75739,            0.023643,            0.047766,                   0,             0.00043,             0.00043,             0.00043
                 292,            0.023159,             0.03903,                   0,             0.93759,             0.91502,             0.97501,             0.75719,            0.023643,            0.047751,                   0,            0.000397,            0.000397,            0.000397
                 293,            0.023162,            0.039301,                   0,             0.93655,              0.9165,             0.97488,             0.75703,            0.023644,            0.047777,                   0,            0.000364,            0.000364,            0.000364
                 294,            0.023011,            0.038541,                   0,             0.92438,             0.92829,             0.97496,             0.75695,            0.023648,            0.047801,                   0,            0.000331,            0.000331,            0.000331
                 295,             0.02285,            0.038135,                   0,             0.93459,             0.91827,             0.97488,             0.75696,            0.023651,             0.04783,                   0,            0.000298,            0.000298,            0.000298
                 296,             0.02289,             0.03833,                   0,             0.93373,               0.919,             0.97464,             0.75717,            0.023653,            0.047829,                   0,            0.000265,            0.000265,            0.000265
                 297,            0.022869,            0.038446,                   0,              0.9245,             0.92868,             0.97472,               0.757,            0.023654,            0.047829,                   0,            0.000232,            0.000232,            0.000232
                 298,            0.023027,            0.038632,                   0,             0.92464,             0.92809,             0.97469,             0.75679,            0.023656,            0.047863,                   0,            0.000199,            0.000199,            0.000199
                 299,            0.022963,            0.038713,                   0,             0.92408,             0.92868,             0.97467,             0.75683,            0.023657,            0.047855,                   0,            0.000166,            0.000166,            0.000166
